episode,train goal?,train time (ms),train reward,train step,val goal?,val reward,val step
1,,52.25157641139906,-116.00900000000001,125,,-63.06199999999995,125
2,,21.601828058723306,-64.06099999999992,125,,-63.06199999999995,125
